Name,Company,Address,State,Email,City,Phone
Mr. Tito Larkin,Ledner-Blanda,139 Lesly Bypass,Arturochester,alexzander@yost.biz,New Gabrielshire,878.936.6868 x3791
Ricardo Corwin,Volkman-Keebler,83713 Duane Streets,East Cierra,jeie@cremin.biz,Bethelville,973-520-6771 x2219
Emilie Bartell,"Gutmann, Lehner and Koelpin",5102 Annamarie Pine,West Rae,horacio@spencerkoelpin.name,Coraburgh,507.978.7189 x6592
Maegan Ryan DVM,Baumbach and Sons,980 Cecile Expressway,Koelpinbury,aliya.ebert@shields.us,North Amy,(407) 661-2576 x5877
Lamar Boehm,"Smitham, Buckridge and Flatley",867 Shanelle Squares,Bashirianmouth,jenifer@krajcikhaley.org,West Coltonton,283.440.2426 x1640
Christelle Howe,McGlynn LLC,3147 Braden Shoal,Port Gabriella,leila@bernhard.net,Tristianmouth,(941) 351-7123
Antone Bruen,"Hammes, Smitham and Hills",46859 Kemmer Lights,Port Laurianne,jeanie_king@collins.biz,Stromanville,859-872-3628
Hulda Monahan,Hane LLC,99398 Jacobson Drive,North Rogeliostad,isaias_renner@haneromaguera.info,Dejaborough,252.920.3265 x9760
Roger Cummerata Jr.,Kirlin Inc,7861 Lee Gateway,Goodwinbury,douglas_greenholt@emmerichjohnson.name,North D'angelo,980.865.9703
Tom Gottlieb,Nitzsche LLC,81593 Kip Turnpike,Port Janieburgh,kevon.effertz@torp.info,Harberville,941-808-8821 x7978
